,text,language
1532053316506484736,avolon_aero delight announce order vx evtol aircraft u place entire,en
1514006729238929414,avolon form partnership commercialise zero emission evtol travel turkey,en
1510892795375992833,evtolmag avolon_aero place verticalaero vx evtol aircraft turkish aviation group d,en
1510156327691161601,electricvtol evtolmag avolon_aero place verticalaero vx evtol aircraft turkish aviation group deal carry vertical evtol could fly turkey early,en
1509999042507333633,avolon_aero place verticalaero vx evtol aircraft turkish aviation group deal carry vertical evtol could fly turkey early,en
1509856109732904962,dronefocusu avolon form partnership commercialise zero emission evtol travel turkey,en
1509504759941812228,parent turkey s freebird commits evtols freebird airline fh istanbul new parent commit purchase lease fifty vx evtol aircraft avolon option purchase lease additional aircraft,en
1509483520602906629,idealmagnt electricvtol skyshades zero emission air travel turkey order vx aircraft avolon htt,en
1509456993278386176,owner freebirdairline order verticalaero vx avolon_aero uam urbanairmobility urbanair,en
1509431924464435203,electricvtol skyshades zero emission air travel turkey order vx aircraft avolon via skyshades,en
1509427921978818569,news turkey turkey s order avolon vx aircraft bring zero emission air travel turkey avolon form partnership commercialise zero emission evtol travel turkey,en
1509293983997997058,skyshades zero emission air travel turkey order vx aircraft avolon via sky,en
1509217745103114243,zero emission air travel turkey order vx aircraft avolon via skyshades,en
1509201924356202502,order vx evtols avolon,en
1509178913041403906,turkish aviation group could order vertical aerospace vx electric vertical takeoff land evtol aircraft irish lessor avolon,en
1509084498977345540,electricvtol goflyprize turkish aviation group order vx evtol aircraft avolon_aero option buy lease part order book verticalaero gofly uam aam urbanairmobility advancedairmobi,en
1509077053056102401,purchase lease vx evtol aircraft avolon,en
1509058518913110017,ainonline turkish aviation group plan lease purchase vertical aerospace vx evtol aircraft an,en
1509042052210003969,irish aircraft lease company avolon say tue set partnership turkish aviation group pioneer evtol fly turkey use aircraft plan buy britain s vertical aerospace,en
1508977751952220160,order vx aircraft avolon bring zero emission air travel turkey,en
1508957173463793671,turkish aviation group plan lease purchase vertical aerospace vx evtol aircraft agreement lease group avolon,en
1508905850223554560,goflyprize turkish aviation group order vx evtol aircraft avolon_aero option buy lease more,en
1508856522587230212,turkish aviation group order vx evtol aircraft avolon_aero option buy lease part order book verticalaero gofly uam aam urbanairmobility advancedairmobility airtaxis,en
1508844030897045510,aircraft lease company avolon announce committed purchase lease vx evtol aircraft avolon option purchase lease additional aircraft read,en
1508838047370014723,futureflightain turkish aviation group lease purchase vertical aerospace vx evtol aircraft under,en
1508833803854303245,lessor avolon evtol aircraft deal turkey s,en
1508811993603522560,irish aircraft lease company avolon say tuesday set partnership turkish aviation group pioneer evtol fly turkey use aircraft plan buy britain s vertical aerospace,en
1508809837186097156,turkish aviation group lease purchase vertical aerospace vx evtol aircraft agreement lease group avolon,en
1508781689438416902,suas gt avolon form partnership commercialise zero emission evtol travel turkey droneactor drone dronebusiness,en
1508774902815461381,avolon type partnership commercialise zero emission evtol journey turkey,en
1508772672628563971,order vx aircraft avolon bring zero emission air travel turkey avolon_aero avolon evtol vx gozenholding airlinenews,en
1508770794096185353,avolon form partnership commercialise zero emission evtol travel turkey suas news,en
1508770317581406214,dailysabah irish aircraft lease company avolon set partnership turkish aviation group provide el,en
1508768474784542725,irish aircraft lease company avolon set partnership turkish aviation group provide electric vtol aircraft bring zero emission air travel turkey,en
1508762797261348865,order vx aircraft avolon bring zero emission air travel turkey avolon_aero avolon gozenholding vertical evtol vx,en
1508750486651998216,reutersaero lessor avolon evtol aircraft deal turkey s,en
1508743778470969352,order vx aircraft avolon avolon announces commit purchase lease vx evtol aircraft avolon,en
1508739501417398274,order vx aircraft avolon bring zero emission air travel turkey stockmarket stock,en
1508738212805677056,turkish delight irish aerospace player avolon sign deal sell small electric aircraft option sell lease turkish airline conglomerate electricvehicles aviation irish business avolon_aero,en
1508737487140798464,avolon sign air taxi deal turkish conglomerate via irishtimes,en
1508736229063331842,order vx aircraft avolon bring zero emission air travel turkey stocksmarket pressrelease,en
1508714578561146886,break headline avolon sign air taxi deal turkish conglomerate,en
1508712272171917318,order vx aircraft bring zero emission air travel turkey asdnews defense aerospace,en
1508707931046305796,irishtimesbiz avolon sign air taxi deal turkish conglomerate via irishtimesbiz,en
1508707794714726405,avolon sign air taxi deal turkish conglomerate via irishtimesbiz,en
1508703265453588480,andy vermaut share lessor avolon evtol aircraft deal turkey s thank,en
1508697472155238403,delighted announce order vx evtol aircraft u place entire vx evtol aircraft orderbook verticalaero oversubscribed option read order,en
1508697440098136066,lessor avolon evtol aircraft deal turkey amp via fxempire forex fx,en
1508694091948769283,evtl order vx aircraft avolon bring zero emission air travel turkey,en
1508686041489760256,order vx aircraft avolon bring zero emission air travel turkey evtl ix,en
1508685813046984704,evtl s delay issue press release march order vx aircraft avolon bring zero emission air travel turkey,en
1508685667680804868,evtl ix order vx aircraft avolon bring zero emission air travel turkey,en
1508685602132168708,ix evtl order vx aircraft avolon bring zero emission air travel turkey second delay,en
1225853361465036801,pycontr delight welcome one silver sponsor thank support check websi,en
1225769395072458752,delighted welcome one silver sponsor thank support check website pycontr pycon python,en
859746304494383104,m a s istanbul,en
786925321824206848,front end developer i stanbul avr,en
771612944761184256,i stanbulairshow da istanbul airshow ia,en
637236040709881857,business process analyst i stanbul avr,en
253017070390878208,become mayor a s foursquare,en
1511145578691915777,avolon kurum iÌ‡letiÅŸim,tr
1509377984406372352,sipariÅŸ ver adet avolon vx elektrik hava taksi iÅŸ gir ğŸš•âœˆï¸ kpss,tr
1509129411458654210,Ã¼lke freebird havayolu elektrik hava taksi konu iÌ‡rlandalÄ± uÃ§ak kirala firma avolon iÅŸbirliÄŸi yap bÃ¼nye faaliyet gÃ¶ster freebird iÌ‡rlanda merkez avolona adet uÃ§ taksi sipariÅŸ ver freebird,tr
1508994924070330371,ğŸ›©ï¸ sipariÅŸ ver adet avolon vx elektrik hava taksi iÅŸ gir,tr
1508826183902896128,webtekno sipariÅŸ ver adet avolon vx elektrik hava taksi iÅŸ gir,tr
1508811209478479888,orders vx aircraft to bring zeroemission air travel to turkey adet vx uÃ§ak sipariÅŸ ver sÄ±fÄ±r emisyon hava yol tÃ¼rkiye getir gozenholding verticalaerospace avolonaero istanbulairshow,tr
1508804718990172167,tolgaozbekcom elektrik hava taksi iÅŸ gir adet avolon vx sipariÅŸ ver,tr
1508765429489090570,elektrik uÃ§ak anlaÅŸma imzala sondakika haber sondakikahaber haber,tr
1508761196945629189,uyducusirin say dywolf dikkat Ã§ek adet evtol sipariÅŸ ver shgm bu ilgili bir dÃ¼zenle â€¦,tr
1508756356026748929,say dywolf dikkat Ã§ek adet evtol sipariÅŸ ver shgm bu ilgili bir dÃ¼zenle ol ol bil var uÃ§ak heli iÅŸle pratik ol em deÄŸil uÃ§ araba ol bu kural ol san,tr
1508753987457138692,avolon sÃ¶zleÅŸme imzala,tr
1508724376006451209,sipariÅŸ ver adet avolon vx elektrik hava taksi iÅŸ gir,tr
1508723771808665600, ten tane hava taksi sipariÅŸ,tr
1508718506312884227,elektrik hava taksi iÅŸ gir adet avolon vx sipariÅŸ ver,tr
1508712447095496704,iÌ‡stanbul merkez yap anlaÅŸma adet kadar verticalÄ±n vx mode hava araÃ§ sat kirala kapsa adet kadar opsiyon tanÄ±,tr
1473653407013556228,Ã§in halk cumhuriyet kÃ¼Ã§Ã¼k orta Ã¶lÃ§ek iÅŸletme oda bir kuÅŸak bir yol Ã§alÄ±ÅŸ komite baÅŸkan yardÄ±mcÄ± wang peng doÄŸu avrupa danÄ±ÅŸman vitali samsonov avrupa mÃ¼dÃ¼r kerem Ã¶zÃ§evik tÃ¼rkiye danÄ±ÅŸman av koray akkuÅŸ belediye aÄŸÄ±rla,tr
1410547908668231680,kÄ±dem bilgi gÃ¼venlik uzman isa istanbul,tr
1382666718523314191,iÌ‡nsan kaynak sÃ¼reÃ§ biliÅŸimhrÄ± tercih et biliÅŸimhr gÃ¶zenholding iÌ‡nsankaynaklarÄ±yazÄ±lÄ±mÄ±,tr
1228944878312267781, ten say cem bozyiÄŸit dÃ¼zel gÃ¼naydÄ±n tuncay doÄŸaner freebird atlas ersoy Ã¶ger ortaklÄ±k dÃ¶nem ekip geÃ§ yap yanlÄ±ÅŸ hatÄ±rla ufak bir hatÄ±rla yap de iÌ‡yi pazar,tr
1182189499721375744,ahmet karaman thy teknik aÅŸ ÅŸahabettin bolukÃ§uonurair cengiz arbaÃ§ iftc oÄŸuzhan demiral iftc iÌ‡zzet tÃ¼ken Ã¼st yÃ¶n cemalettin Ã§elebi sky angelceo,tr
1182188685934104578,kÄ±sa ad tÃ¶shiÌ‡d ol tÃ¼rkiye Ã¶zel sektÃ¶r havacÄ±lÄ±k iÌ‡ÅŸletmeleri dernek kuruluÅŸ yÄ±ldÃ¶nÃ¼mÃ¼ gece sol selim tÃ¼ken free bird cahit saray thy air alfa eski yÃ¶net drcem bozyiÄŸit Ã¼st yÃ¶net,tr
1119244393842495488,ayt havalimanÄ±gÃ¼venlik gÃ¶rev gozen guvenlik hizmet antalya ÅŸirket ol gÃ¶ze security services ÅŸirket bina tesis gÃ¼venlik uÃ§ak Ã¶zel gÃ¼venlik alan yÄ±l aÅŸk sÃ¼re hizmet ver tÃ¼rkiye â€¦,tr
1085901770268782592,kurum iÌ‡letiÅŸim stajyer ara baÅŸvur iste aday hrgozenholdingcom adres Ã¶zgeÃ§miÅŸ gÃ¶nder tel,tr
1046388470221082624,boÄŸaziÃ§i Ã¼niversitesi iÅŸ birlik dreambigg giriÅŸim teknik danÄ±ÅŸman mentor destek sun tÃ¼biÌ‡tak bigg,tr
992794727996182535,yÄ±llÄ±k kurum tecrÃ¼be giriÅŸim ekosistem yÃ¶nlen startup carnival sponsor ol teÅŸekkÃ¼r letscarnival,tr
992343074184552448,startup carnival iÌ‡ÅŸ banka arÄ±kovanÄ± bundle ideasoft insider redbull sponsor mayÄ±s boÄŸaziÃ§i Ã¼niversitesi gÃ¼ney kampÃ¼s gerÃ§ek,tr
973909433804886021,kuru mekin gÃ¶ze in doÄŸum gÃ¼n ğŸ‚ nice mutlu sene dile eÄŸlence wedding gelin balkanbandosu dÃ¼ÄŸÃ¼nbandosu damat dÃ¼ÄŸÃ¼n bandoekibi orkestra sÃ¼nnetdÃ¼ÄŸÃ¼nÃ¼ kurum etkin ÅŸirketetkinliÄŸi doÄŸumgÃ¼nÃ¼,tr
973586379769896960,thkantalya bÃ¼nye bulun iftc gÃ¶rev tarafÄ±ndan uÃ§ bilgi uÃ§ kural hak brifing ver http â€¦,tr
973249869103226885,bÃ¼nye bulun iftc gÃ¶rev tarafÄ±ndan uÃ§ bilgi uÃ§ kural hak brifing ver,tr
967400725000093701,ak sigorta  ten toplam kiÅŸi pist misafir et intercityakademi gÃ¼venlisÃ¼rÃ¼ÅŸ yolgÃ¼venliÄŸi,tr
966708738714427393,bugÃ¼n misafir Ã§alÄ±ÅŸ intercityakademi gÃ¼venlisÃ¼rÃ¼ÅŸ yolgÃ¼venliÄŸi,tr
964510766442340353,bugÃ¼n akademi wilo iÌ‡ris firma beraber Ã¶ÄŸle yemek zaman mÃ¼kemmel intercityakademi yolgÃ¼venliÄŸi gÃ¼venlisÃ¼rÃ¼ÅŸ,tr
951172702613762051,uÃ§ak iÌ‡Ã§in gÃ¼venlik ara,tr
917404047660978176,bordro Ã¶z iÌ‡ÅŸler sorum iÌ‡stanbulavr,tr
913312864278106112,tehir rÃ¼ÅŸtÃ¼ ak baÅŸsaÄŸlÄ±ÄŸÄ± iÌ‡lanÄ±,tr
901072798340329472,santral operatÃ¶r iÌ‡stanbulavr,tr
893025912576462848,bazen hayat seÃ§im ÅŸans ver in bakÄ±rkÃ¶y istanbul,tr
889844190120738816,slothaber  ten Ã¶nem duyuru,tr
889841126785638400, ten Ã¶nem duyuru,tr
889836490943082496,taÅŸÄ± tÃ¼rk sivil hava kÃ¶k kuruluÅŸ ol gÃ¶ze golding kuruluÅŸ,tr
889826939724341248,taÅŸÄ±,tr
889824905348468736,yeni yerinde,tr
881845211634294784,bugÃ¼n misafir firma gÃ¼ven sÃ¼r eÄŸitim intercityakademi gÃ¼venlisÃ¼rÃ¼ÅŸ yolgÃ¼venliÄŸi,tr
863620652669870080,k eÄŸiÌ‡tiÌ‡m merkez yÃ¶netiÌ‡ciÌ‡siÌ‡ gozen security services tÃ¼rkiye iÅŸtirak gÃ¶rev yap Ã¼zere â€¦,tr
856783959023374336,otel rezervasyon sat personel iÌ‡stanbulavr,tr
844431735974772736,client support specialistkullanÄ±cÄ± destek uzman iÌ‡stanbulavr,tr
833994831588425728,uÃ§ak bilet sat personel ankara,tr
806496053470068736,yÃ¶net yÃ¶netmen iÌ‡stanbulavr,tr
724565949718757376,eleman ara havacÄ±lÄ±k gÃ¼venlik sektÃ¶r lider konum ol gÃ¶ze security services iÌ‡stanb,tr
657532260107857920,Ã¼st dÃ¼zey yÃ¶net asistan iÌ‡stanbulavr,tr
648424785488289792,mÃ¼ÅŸteri iliÅŸki sorum iÌ‡stanbulavr,tr
606726506199584768,kucukenes bilal gÃ¶khan egs business park in iÌ‡stanbul tÃ¼rkiye,tr
606068732146941952,iÌ‡ÅŸ ilan front end yazÄ±lÄ±m uzman iÌ‡stanbulavr â€¢ Ã¼niversite Ã¶n lisans,tr
598015626175750144,de vefa Ã¶rnek,tr
593431131070005249,iÌ‡stanbul Ã¼niversitesi  kariyer ÅŸenlik   etkin   ol davetliyd,tr
590076692674256897,yÃ¶net asistan iÌ‡stanbulavr,tr
559979454039347200,front end yazÄ±lÄ±m uzman iÌ‡stanbulavr,tr
546995086178131968,freebird uÃ§ak al  in havayolu kanat ol antalya merkez freebird hava enhizlihaber,tr
544251537133146113,bÃ¼nye istihdam et Ã¶zel gÃ¼venlik eleman ara yayÄ±nla ol ilan kamuoyu,tr
537172094015275008,delphi yazÄ±lÄ±m uzman iÌ‡stanbulavr,tr
530635741890895872,iÌ‡stanbul kÃ¼ltÃ¼r Ã¼niversitesi  kariyer zirve   etkin   ad konuÅŸm,tr
529237485826899968,kÄ±dem iÌ‡ÅŸ analist iÌ‡stanbulavr,tr
524124229051359232,iÌ‡ÅŸe kabul et altÄ±n anahtar saye Ã¶ÄŸren kariyerzirvesi,tr
524120908336996352,gelecek ÅŸekil kariyerzirvesi,tr
524118291611389952,kariyerzirvesi ÅŸimdi i aÄŸÄ±rla,tr
522372736837234688,in acÄ± kayÄ±p,tr
522084453565603840,ikukariyer british house dil okul nÄ±n katÄ±lÄ±m gerÃ§ek ol kariyer zirve â€¦,tr
522081259330482177,british house dil okul nÄ±n katÄ±lÄ±m gerÃ§ek ol kariyer zirve e,tr
520586338051960832,proje yÃ¶net iÌ‡stanbulavr,tr
412935826629095424,iÌ‡ÅŸ analist iÌ‡stanbulavr,tr
378494519127584768,bir kuruluÅŸ gÃ¶ze gÃ¼venlik iÅŸtirak ol kardeÅŸ firma  flydog  tÃ¼rkiy,tr
311944655669436416,yÄ±ldÄ±z teknik Ã¼niversitesi bÃ¼yÃ¼k kariyer organizasyon kariyer panayÄ±r firma aÃ§Ä±kla,tr
281745147409080320,kokpitaero  in acÄ± gÃ¼n,tr
247589409325735936,hÃ¼rkuÅŸ satiÅŸa Ã§ikti tÃ¼rk sivil hava geliÅŸ vakÄ±f havak bÃ¼nye havacÄ±lÄ±k eÄŸ,tr
226645237441916928, in acÄ± kayÄ±p,tr
226629229813563393,gÃ¶zeniÌ‡n zor gÃ¼n in yaÅŸ abis mer bÃ¶ke hayat gÃ¶z yum,tr
209679036459384832,iÌ‡ÅŸte iÌ‡siÌ‡mler  te ata furya hangi mevki getir,tr
184971488938565635,iÌ‡ÅŸ iÌ‡lanÄ± interwiever,tr
135826014868742144,ouzkrdgli bura ozel bÄ±r kurs oyle yer subelerÄ± yok tek merkez egÄ±tÄ±m kolaymÄ± p,tr
112988571845132290,tÃ¼rkiye iyi yurtiÃ§i seyahat uÃ§agÄ± ÅŸirket ora stajerlik yap referans Ã§k iyi etkilick bu bil bni sevindiriyo,tr
100929678189142017,florya okul bitincede orda kalÄ±cm d adam ing Ã¶grn milyr maaÅŸ iÅŸ bÅŸlarsn de d,tr
63527114292473856,okantansu havayolu degilsecuru profilerim bndokuman kntrolu yolcu profil yapiyoruz,tr
1582404318614802432,iyi bir ÅŸirket harika bir ekip var,tr
