,text
1532053316506484736,RT @avolon_aero: We are delighted to announce that GÃ¶zen Holding has ordered 100 VX4 #eVTOL aircraft from us. We have now placed our entireâ€¦
1514006729238929414,Avolon and GÃ¶zen Holding form a partnership to commercialise zero-emissions eVTOL travel in Turkey https://t.co/LmsEWf5qgs
1512802201160224770,GÃ–ZEN HOLDING MEMESAN 100 VX4 EVTOL DARI AVOLON simak selengkapnya di https://t.co/hiMMApDVkL
1511145578691915777,Avolon GÃ¶zen Holding Kurumsal Ä°letiÅŸim https://t.co/XK3ywULOtW
1510892795375992833,RT @eVTOLmag: .@avolon_aero has placed up to 100 of @VerticalAeroâ€™s VX4 #eVTOL aircraft with Turkish aviation group GÃ¶zen Holding. If the dâ€¦
1510309848847507460,I fondi F2I e Ardian investono nei vertiporti di Skyports: Il lessor Avolon firma per 100 aero-taxi di Vertical Aerospace ai turchi di Gozen Holding https://t.co/dNrWMwT2Um https://t.co/JtcXZmCP8Z
1510156327691161601,"ElectricVTOL: RT @eVTOLmag: .@avolon_aero has placed up to 100 of @VerticalAeroâ€™s VX4 #eVTOL aircraft with Turkish aviation group GÃ¶zen Holding. If the deal is carried out, Verticalâ€™s eVTOL could be flying in #Turkey as early as 2024. 

https://t.co/FBtLNhe30W"
1509999042507333633,".@avolon_aero has placed up to 100 of @VerticalAeroâ€™s VX4 #eVTOL aircraft with Turkish aviation group GÃ¶zen Holding. If the deal is carried out, Verticalâ€™s eVTOL could be flying in #Turkey as early as 2024. 

https://t.co/QQdp9nBmcs"
1509856109732904962,RT @DronefocusU: Avolon and GÃ¶zen Holding form a partnership to commercialise zero-emissions eVTOL travel in Turkey https://t.co/sxK7GIWvIJ
1509504759941812228,"Parent of Turkey's Freebird commits to 50+50 eVTOLs

Freebird Airlines (FH, Istanbul New) parent GÃ¶zen Holding has committed to purchase or lease up to fifty VX4 eVTOL aircraft from Avolon, with an option to purchase or lease up to 50 additional aircraftâ€¦ https://t.co/7w1zuiYS1L"
1509483520602906629,RT @idealmagn3t: ElectricVTOL: RT @50skyshades: Zero emissions air travel in Turkey - GÃ¶zen Holding orders 100 VX4 aircraft from Avolon httâ€¦
1509456993278386176,GÃ¶zen Holding owner of @FreebirdAirline  orders 100 @VerticalAero VX4 from @avolon_aero  https://t.co/A4ghhmooKC #UAM #UrbanAirMobility #UrbanAir
1509431924464435203,ElectricVTOL: RT @50skyshades: Zero emissions air travel in Turkey - GÃ¶zen Holding orders 100 VX4 aircraft from Avolon https://t.co/HYKI1BJHLG via @50skyshades
1509427921978818569,"More news from Turkey

Turkey's Gozen Holding Orders 100 Avolon Vx4 Aircraft to Bring Zero Emissions Air Travel to Turkey

Avolon and Gozen Holding form a partnership to commercialise zero-emissions eVTOL travel in Turkey https://t.co/w2jliImVID"
1509377984406372352,"GÃ¶zen Holding, sipariÅŸini verdiÄŸi 100 adet Avolon Vx4 ile elektrikli hava taksi iÅŸine giriyor. ğŸš•âœˆï¸ #kpss https://t.co/TQoISXAV3d"
1509293983997997058,RT @50skyshades: Zero emissions air travel in Turkey - GÃ¶zen Holding orders 100 VX4 aircraft from Avolon https://t.co/jFu2PvQ6em via @50skyâ€¦
1509217745103114243,Zero emissions air travel in Turkey - GÃ¶zen Holding orders 100 VX4 aircraft from Avolon https://t.co/jFu2PvQ6em via @50skyshades
1509201924356202502,GÃ¶zen Holding to order 100 VX4 eVTOLs from Avolon https://t.co/VSpC6I8zRP
1509185552075087873,"RT @aviacionline: TurquÃ­a: GÃ¶zen Holding pide hasta 100 eVTOLs VX4 a Avolon para ofrecer operaciones sin emisiones

https://t.co/cdjAojywUcâ€¦"
1509178913041403906,Turkish aviation group #GÃ¶zen Holding could order up to 100 #Vertical Aerospace #VX4 electric vertical takeoff and landing (#eVTOL) aircraft from Irish lessor #Avolon.  https://t.co/kXmdS5wCqt
1509129411458654210,"Ãœlkemizden Freebird HavayollarÄ±, elektrikli hava taksi konusunda Ä°rlandalÄ± uÃ§ak kiralama firmasÄ± Avolon ile iÅŸbirliÄŸi yapacak.

GÃ¶zen Holding bÃ¼nyesinde faaliyet gÃ¶steren Freebird, Ä°rlanda merkezli Avolon'a 50 adet uÃ§an taksi sipariÅŸi verdi. #freebird

https://t.co/uqcYFhaqGG https://t.co/ONeUMOuZXP"
1509120264621146117,"TurquÃ­a: GÃ¶zen Holding pide hasta 100 eVTOLs VX4 a Avolon para ofrecer operaciones sin emisiones

https://t.co/cdjAojywUc https://t.co/w0nG7NRdET"
1509084498977345540,"ElectricVTOL: RT @GoFlyPrize: Turkish aviation group GÃ¶zen Holding orders 50 VX4 #eVTOL aircraft from @avolon_aero,  with the option to buy/lease 50 more, as part of their order book with @VerticalAero: https://t.co/s3yJIwfKdn #gofly #uam #aam #urbanairmobility #advancedairmobiâ€¦"
1509077053056102401,"GÃ¶zen Holding to purchase or lease VX4 eVTOL aircraft from Avolon 
https://t.co/MMLLFOejXY"
1509058518913110017,RT @AINonline: Turkish aviation group Gozen Holding plans to lease or purchase up to 50 of Vertical Aerospaceâ€™s VX4 eVTOL aircraft under anâ€¦
1509042052210003969,"Irish aircraft leasing company #Avolon said on Tue it had set up a partnership with Turkish aviation group #Gozen Holding to pioneer #eVTOL flying in #Turkey using aircraft it plans to buy from Britain's Vertical Aerospace.

1/2 https://t.co/byc3WcE575"
1508994924070330371,"ğŸ›©ï¸ GÃ¶zen Holding, sipariÅŸini verdiÄŸi 100 adet Avolon Vx4 ile elektrikli hava taksi iÅŸine giriyor. https://t.co/4ajdUqfiyf"
1508977751952220160,GÃ¶zen Holding Orders 100 Vx4 Aircraft From Avolon to Bring Zero Emissions Air Travel to Turkey https://t.co/WIemvLcyny
1508957173463793671,Turkish aviation group Gozen Holding plans to lease or purchase up to 50 of Vertical Aerospaceâ€™s VX4 eVTOL aircraft under an agreement with leasing group Avolon. https://t.co/BxCyrD9jsm
1508905850223554560,"RT @GoFlyPrize: Turkish aviation group GÃ¶zen Holding orders 50 VX4 #eVTOL aircraft from @avolon_aero,  with the option to buy/lease 50 moreâ€¦"
1508856522587230212,"Turkish aviation group GÃ¶zen Holding orders 50 VX4 #eVTOL aircraft from @avolon_aero,  with the option to buy/lease 50 more, as part of their order book with @VerticalAero: https://t.co/wQxtq9lc6g #gofly #uam #aam #urbanairmobility #advancedairmobility #airtaxis"
1508844030897045510,"Aircraft leasing company Avolon has announced that GÃ¶zen Holding has committed to purchase or lease up to 50 VX4 eVTOL aircraft from Avolon. The option to purchase or lease up to 50 additional aircraft.

Read more: https://t.co/Zgc6U8YW7o"
1508838047370014723,RT @FutureFlightAIN: Turkish aviation group Gozen Holding is to lease or purchase up to 50 of Vertical Aerospaceâ€™s VX4 eVTOL aircraft underâ€¦
1508833803854303245,Lessor Avolon in eVTOL aircraft deal with Turkey's Gozen Holding https://t.co/ifVVUPNLD8
1508826183902896128,"RT @webtekno: GÃ¶zen Holding, sipariÅŸini verdiÄŸi 100 adet Avolon Vx4 ile elektrikli hava taksi iÅŸine giriyor. https://t.co/gz8x0Sx4rs"
1508811993603522560,"5/10

â€œIrish aircraft leasing company Avolon said on Tuesday it had set up a partnership with Turkish aviation group Gozen Holding to pioneer eVTOL flying in Turkey using aircraft it plans to buy from Britain's Vertical Aerospace.â€

https://t.co/CSPSq50vGE"
1508811209478479888,"GÃ¶zen Holding  Orders 100 VX4 Aircraft to Bring Zero-Emission Air Travel to Turkey

100 Adet VX4 UÃ§aÄŸÄ± SipariÅŸi veren GÃ¶zen Holding SÄ±fÄ±r Emisyonlu Hava YolcuÄŸunu TÃ¼rkiyeâ€™ye Getiriyor
#gozenholding #verticalaerospace
#avolonaero
#istanbulairshow https://t.co/rOo9H9uUa7"
1508809837186097156,Turkish aviation group Gozen Holding is to lease or purchase up to 50 of Vertical Aerospaceâ€™s VX4 eVTOL aircraft under an agreement with leasing group Avolon. https://t.co/p5prEnNsrf
1508804718990172167,RT @tolgaozbek_com: GÃ¶zen Holding elektrikli hava taksi iÅŸine giriyor. 100 adet Avolon Vx4 sipariÅŸi verdi:
1508781689438416902,https://t.co/nHib2v85FC #sUAS &gt; Avolon and GÃ¶zen Holding form a partnership to commercialise zero-emissions eVTOL travel in Turkey https://t.co/nJV8e02Fhm #DroneActor #Drones #DroneBusiness
1508774902815461381,Avolon and GÃ¶zen Holding type a partnership to commercialise zero-emissions eVTOL journey inÂ Turkey https://t.co/3iHu24Zf9E
1508772672628563971,GÃ¶zen Holding Orders 10 VX4 Aircraft from Avolon to Bring Zero Emissions Air Travel to Turkey https://t.co/pYvYpZNVxt @avolon_aero #Avolon #eVTOL #VX4 #GozenHolding #AirlineNews https://t.co/1KNv7N01Qe
1508770794096185353,Avolon and GÃ¶zen Holding form a partnership to commercialise zero-emissions eVTOL travel in Turkey | sUASÂ News https://t.co/cyORlEWxpC
1508770317581406214,RT @DailySabah: Irish aircraft leasing company Avolon sets up partnership with Turkish aviation group GÃ¶zen Holding to provide up to 100 elâ€¦
1508768474784542725,"Irish aircraft leasing company Avolon sets up partnership with Turkish aviation group GÃ¶zen Holding to provide up to 100 electric VTOL aircraft, bringing zero emissions air travel to Turkey
https://t.co/3GvaYZNQWj"
1508768449316544513,Avolon and GÃ¶zen Holding form a partnership to commercialise zero-emissions eVTOL travel in Turkey https://t.co/sxK7GIWvIJ
1508767305651654664,Avolon and GÃ¶zen Holding form a partnership to commercialise zero-emissions eVTOL travel inÂ Turkey https://t.co/1BQt6TjCZi
1508765429489090570,GÃ¶zen Holding 100 elektrikli uÃ§ak iÃ§in anlaÅŸma imzaladÄ±... https://t.co/8s93yL7gD6 --- #sondakika #haber #sondakikahaber #haberler
1508764604649943044,"""GÃ¶zen Holding Orders 100 VX4 Aircraft From Avolon To Bring Zero Emissions Air Travel To Turkey"" https://t.co/QtaKIU1oJS"
1508762797261348865,GÃ¶zen Holding Orders 10 VX4 Aircraft from Avolon to Bring Zero Emissions Air Travel to Turkey https://t.co/AdvNVSfHHJ @avolon_aero #Avolon #gozenholding #Vertical #eVTOL #VX4 https://t.co/xTOW8sZkAB
1508761196945629189,RT @uyducusirin: SayÄ±n @dy19_wolf dikkatimi Ã§ekti. GÃ¶zen Holding 100 adet eVTOL sipariÅŸi vermiÅŸ. SHGM'nin bunlarla ilgili bir dÃ¼zenlemesi oâ€¦
1508756356026748929,"SayÄ±n @dy19_wolf dikkatimi Ã§ekti. GÃ¶zen Holding 100 adet eVTOL sipariÅŸi vermiÅŸ. SHGM'nin bunlarla ilgili bir dÃ¼zenlemesi olup olmadÄ±ÄŸÄ±nÄ± bilen var mÄ±? UÃ§ak ya da heli gibi iÅŸletilecekse pratik olacaÄŸÄ±ndan emin deÄŸilim. ""UÃ§an araba"" olacaksa bunlar iÃ§in kural olduÄŸunu sanmÄ±yorum. https://t.co/w4vZuUDkzi"
1508753987457138692,"GÃ¶zen Holding, Avolon ile sÃ¶zleÅŸme imzaladÄ± https://t.co/957X2AmNpe"
1508750486651998216,RT @ReutersAero: Lessor Avolon in eVTOL aircraft deal with Turkey's Gozen Holding https://t.co/k9IQXnEL0c
1508750237179039748,Lessor Avolon in eVTOL aircraft deal with Turkey's Gozen Holding https://t.co/k9IQXnEL0c
1508743778470969352,GÃ¶zen Holding orders 100 VX4 aircraft from Avolon - https://t.co/lKnJZLU40K - Avolon announces that GÃ¶zen Holding has committed to purchase or lease up to 50 VX4 eVTOL aircraft from Avolon https://t.co/Z5ma3TlaqV
1508743355034918915,"RT @tolgaozbek_com: GÃ¶zen Holdingâ€™ten 100 adet Avolon â€˜elektrikli uÃ§akâ€™ sipariÅŸi
https://t.co/R3R6jO1Uuq @MekinGozen @eVTOLaircraft https:/â€¦"
1508742617114329092,"GÃ¶zen Holdingâ€™ten 100 adet Avolon â€˜elektrikli uÃ§akâ€™ sipariÅŸi
https://t.co/R3R6jO1Uuq @MekinGozen @eVTOLaircraft https://t.co/Pd6AGpHcEU"
1508739501417398274,GÃ¶zen Holding Orders 100 Vx4 Aircraft From Avolon to Bring Zero Emissions Air Travel to Turkey https://t.co/W7T4goOrsp #StockMarket #Stocks
1508738212805677056,Turkish delight as Irish aerospace player Avolon signs deal to sell 50 small electric aircraft â€“ with the option to sell or lease 50 more â€“ to Turkish airline conglomerate GÃ¶zen Holding #ElectricVehicles #aviation #irish #business .@avolon_aero https://t.co/mIhE7qgXEr https://t.co/4naUgG5YL0
1508737487140798464,Avolon signs air taxi deal with Turkish conglomerate Gozen Holding (via @IrishTimes) https://t.co/WszTbzcqMJ
1508736229063331842,GÃ¶zen Holding Orders 100 Vx4 Aircraft From Avolon to Bring Zero Emissions Air Travel to Turkey https://t.co/M5RDKJwJSn #StocksMarket #PressRelease
1508729501173309440,GÃ¶zen Holding Orders 100 Vx4 Aircraft From Avolon to Bring Zero Emissions Air Travel toÂ Turkey https://t.co/Fi2q9Yl0co
1508724376006451209,"GÃ¶zen Holding, sipariÅŸini verdiÄŸi 100 adet Avolon Vx4 ile elektrikli hava taksi iÅŸine giriyor. https://t.co/7MJmT02hLl"
1508723771808665600,GÃ¶zen Holdingâ€™ten 100 tane hava taksi sipariÅŸi https://t.co/3PSlikOOXf
1508721256845266950,"GÃ¶zen Holding, sipariÅŸini verdiÄŸi 100 adet Avolon Vx4 ile elektrikli hava taksi iÅŸine giriyor. https://t.co/gz8x0Sx4rs"
1508718506312884227,GÃ¶zen Holding elektrikli hava taksi iÅŸine giriyor. 100 adet Avolon Vx4 sipariÅŸi verdi: https://t.co/EubfKH9ybo
1508714578561146886,"Breaking headline: 'Avolon signs air taxi deal with Turkish conglomerate Gozen Holding', https://t.co/dhoIGPF5Sz"
1508712447095496704,"Ä°stanbul merkezli GÃ¶zen Holding ile yapÄ±lan anlaÅŸma, 50 adede kadar Vertical'Ä±n VX4 modeli hava aracÄ±nÄ±n satÄ±ÅŸÄ±nÄ± veya kiralamasÄ±nÄ± kapsÄ±yor ve 50 adede kadar daha opsiyon tanÄ±yor."
1508712272171917318,Gozen Holding Orders 100 Vx4 Aircraft to Bring Zero Emissions Air Travel to Turkey https://t.co/480uZ1vjey #ASDNews #defense #aerospace https://t.co/YQ49CKATfd
1508707931046305796,RT @IrishTimesBiz: Avolon signs air taxi deal with Turkish conglomerate Gozen Holding https://t.co/O8jstLPRcf via @IrishTimesBiz
1508707794714726405,Avolon signs air taxi deal with Turkish conglomerate Gozen Holding https://t.co/O8jstLPRcf via @IrishTimesBiz
1508703873162174465,Lessor Avolon in eVTOL aircraft deal with Turkey's Gozen Holding https://t.co/XgatNYsgpy
1508703265453588480,Andy Vermaut shares:Lessor Avolon in eVTOL aircraft deal with Turkey's Gozen Holding https://t.co/7WeJq5mAmn Thank you. https://t.co/0sCNNZUoPs
1508702781607055361,Lessor Avolon in eVTOL aircraft deal with Turkey's Gozen Holding https://t.co/ALHqooHSGV https://t.co/YpZ48SPyxi
1508697472155238403,"We are delighted to announce that GÃ¶zen Holding has ordered 100 VX4 #eVTOL aircraft from us. We have now placed our entire 500 VX4 #eVTOL aircraft orderbook from @VerticalAero, which is now oversubscribed by 50 options. Read more about the order here: https://t.co/hIFFQWtbTc https://t.co/aMrrvdnvIX"
1508697440098136066,Lessor Avolon in eVTOL aircraft deal with Turkey&amp;#8217;s Gozen Holding https://t.co/xXn1rTN8JF via FXEmpire #forex #fx
1508694091948769283,$EVTL GÃ¶zen Holding Orders 100 Vx4 Aircraft From Avolon to Bring Zero Emissions Air Travel to Turkey https://t.co/QcBgxVqgzq
1508691487109746688,GÃ¶zen Holding Orders 100 Vx4 Aircraft From Avolon to Bring Zero Emissions Air Travel toÂ Turkey https://t.co/bhp3oYbqEf
1508691476930174976,GÃ¶zen Holding Orders 100 Vx4 Aircraft From Avolon to Bring Zero Emissions Air Travel toÂ Turkey https://t.co/tfmBLjcfih
1508686558672539648,GÃ¶zen Holding Orders 100 Vx4 Aircraft From Avolon to Bring Zero Emissions Air Travel to Turkey https://t.co/t70S3iPfdS https://t.co/jD5LzIAcrX
1508686041489760256,GÃ¶zen Holding Orders 100 Vx4 Aircraft From Avolon to Bring Zero Emissions Air Travel to Turkey $EVTL $IX https://t.co/IFcqA0t7AP
1508685813046984704,"$EVTL [15s. delayed]: Issued Press Release on March 29, 02:00:00: GÃ¶zen Holding Orders 100 Vx4 Aircraft From Avolon to Bring Zero Emissions Air Travel to Turkey https://t.co/9gVXWTz8CR"
1508685667680804868,"$EVTL $IX GÃ¶zen Holding Orders 100 Vx4 Aircraft From Avolon to Bring Zero Emissions Air Travel to Turkey
https://t.co/8H5rmg88rt"
1508685602132168708,"$IX $EVTL ğŸ“° GÃ¶zen Holding Orders 100 Vx4 Aircraft From Avolon to Bring Zero Emissions Air Travel to Turkey

https://t.co/v7rlihCAT6

45 seconds delayed."
1508685481092988931,"$EVTL $IX GÃ¶zen Holding Orders 100 Vx4 Aircraft From Avolon to Bring Zero Emissions Air Travel to Turkey
https://t.co/xVuLcYu3zQ"
1473653407013556228,"Ã‡in Halk Cumhuriyeti KÃ¼Ã§Ã¼k ve Orta Ã–lÃ§ekli iÅŸletmeler OdasÄ± Bir KuÅŸak Bir Yol Ã‡alÄ±ÅŸma Komitesi BaÅŸkan YardÄ±mcÄ±sÄ± Wang Peng, DoÄŸu Avrupa DanÄ±ÅŸmanÄ± Vitali Samsonov, GÃ¶zen Holding Avrupa MÃ¼dÃ¼rÃ¼ Kerem Ã–zÃ§evik ve TÃ¼rkiye DanÄ±ÅŸmanÄ± Av. Koray AkkuÅŸâ€™u belediyemizde aÄŸÄ±rladÄ±k. https://t.co/Cwog7dW0Jx"
1410547908668231680,GÃ¶zen Holding - KÄ±demli Bilgi GÃ¼venliÄŸi UzmanÄ± - ISACA Istanbul https://t.co/mknf26O9Ar
1382666718523314191,"GÃ¶zen Holding, Ä°nsan KaynaklarÄ± SÃ¼reÃ§lerinde BiliÅŸimHRâ€™Ä± Tercih Etti!

https://t.co/ODdBG4YuwP

#BiliÅŸimHR #GÃ¶zenHolding #Ä°nsanKaynaklarÄ±YazÄ±lÄ±mÄ± https://t.co/64fS4fWeaZ"
1300699231930462208,.Net Developer - GOZEN HOLDING [Ä°stanbul(Avr.) - 01.09.2020] https://t.co/SiZKAOe7vW
1228944878312267781,"GÃ¶zen Holdingâ€™ten 
SayÄ±n Cem BozyiÄŸitâ€™in dÃ¼zeltmesi
GÃ¼naydÄ±n, 
Tuncay DoÄŸaner, Freebirdâ€™den Atlasâ€™a Ersoylar ve Ã–gerâ€™in ortaklÄ±ÄŸÄ± dÃ¶neminde ekibiyle geÃ§iÅŸ yapmÄ±ÅŸtÄ±. 
YanlÄ±ÅŸ hatÄ±rladÄ±ÄŸÄ±nÄ±z iÃ§in ufak bir hatÄ±rlatma yapayÄ±m dedim. Ä°yi pazarlar."
1225853361465036801,"RT @pycontr: We are delighted to welcome GÃ¶zen Holding as one of our silver sponsors! ğŸ‰ Thank you for your support! ğŸ™
Check out their websiâ€¦"
1225769395072458752,"We are delighted to welcome GÃ¶zen Holding as one of our silver sponsors! ğŸ‰ Thank you for your support! ğŸ™
Check out their website ğŸ‘‰ https://t.co/ipBhVWZaQ4

#pycontr2020 #pycon #pythonğŸ https://t.co/fRrI6DUPcb"
1182189499721375744,"Ahmet Karaman (THY Teknik A.Å https://t.co/nGUhzCY8qi.) Åahabettin BolukÃ§u(OnurAir https://t.co/nGUhzCY8qi.)
Cengiz ArbaÃ§ (IFTC https://t.co/nGUhzCY8qi.) OÄŸuzhan Demiral (IFTC https://t.co/nGUhzCY8qi.Yrd.) Ä°zzet TÃ¼kenmez(GÃ¶zen Holding Ã¼st YÃ¶n.) Cemalettin Ã‡elebi (Sky Angel-CEO) https://t.co/06EB8xOxOT"
1182188685934104578,"KÄ±sa adÄ± TÃ–SHÄ°D olan TÃ¼rkiye Ã–zel SektÃ¶r HavacÄ±lÄ±k Ä°ÅŸletmeleri DerneÄŸiâ€™nin 30. KuruluÅŸ yÄ±ldÃ¶nÃ¼mÃ¼ gecesine (Soldan) Selim TÃ¼kenmez (Free Bird https://t.co/nGUhzCY8qi.) Cahit SaraylÄ± (THY ve Air Alfa Eski yÃ¶neticisi), Dr.Cem BozyiÄŸit ( GÃ¶zen Holding Ã¼st yÃ¶netici) https://t.co/uqBoYurNNw"
1169887578121654273,Genel Muhasebe Personeli - GOZEN HOLDING [Ä°stanbul(Avr.) - 06.09.2019] https://t.co/fRegtzgySq
1119244393842495488,"Ayt HavalimanÄ±-GÃ¼venlik GÃ¶revlisi: GOZEN GUVENLIK HIZMETLERI - Antalya - GÃ¶zen Holding ÅŸirketlerinden biri olan GÃ¶zen Security Services ÅŸirketimiz, Bina Tesis gÃ¼venliÄŸi ve UÃ§ak Ã–zel GÃ¼venlik alanlarÄ±nda 19 yÄ±lÄ± aÅŸkÄ±n sÃ¼redir hizmet vermektedir. TÃ¼rkiyeâ€¦ https://t.co/61XZwWBAd4"
1085901770268782592,"GÃ¶zen Holding Kurumsal Ä°letiÅŸim Stajyeri ArÄ±yor
BaÅŸvurmak isteyen adaylar hr@gozenholding.com adresine Ã¶zgeÃ§miÅŸlerini gÃ¶nderebilirler.
Tel: 0212 662 10 50 https://t.co/5TxGcHXOB6"
1046388470221082624,"BoÄŸaziÃ§i Ãœniversitesi ve GÃ¶zen Holding iÅŸ birliÄŸinde DREAMBiGG, giriÅŸimcilerine teknik danÄ±ÅŸmanlÄ±k ve mentorluk desteÄŸi sunuyor. #TÃœBÄ°TAK #BiGG https://t.co/cpJXq5z5IE"
992794727996182535,"35 yÄ±llÄ±k kurumsal tecrÃ¼besini giriÅŸimcilik ekosistemine yÃ¶nlendiren GÃ¶zen Holding, Startup Carnivalâ€™a sponsor oldu. TeÅŸekkÃ¼rler! #letscarnival https://t.co/fXMSMJDrkN"
992343074184552448,"Startup Carnival, Ä°ÅŸ BankasÄ±, ArÄ±kovanÄ±, Bundle, Ideasoft, Insider, GÃ¶zen Holding ve RedBull sponsorluÄŸunda 6 MayÄ±s'ta BoÄŸaziÃ§i Ãœniversitesi GÃ¼ney KampÃ¼s'te gerÃ§ekleÅŸecek. https://t.co/9oxIbQgUTa"
973909433804886021,"GÃ¶zen Holding kurucusu Mekin GÃ¶zen' in doÄŸum gÃ¼nÃ¼ndeyiz ğŸ‚
Nice mutlu seneler dileriz.

0532 335 55 94
https://t.co/yh4r8ZP2ny
#eÄŸlence #wedding #gelin #balkanbandosu #dÃ¼ÄŸÃ¼nbandosu #damat #dÃ¼ÄŸÃ¼n #bandoekibi #orkestra #sÃ¼nnetdÃ¼ÄŸÃ¼nÃ¼ #kurumsal #etkinlik #ÅŸirketetkinliÄŸi #doÄŸumgÃ¼nÃ¼ https://t.co/e8iHgE06hK"
973586379769896960,RT @thkantalya: GÃ¶zen Holding bÃ¼nyesinde bulunan IFTC gÃ¶revlileri tarafÄ±ndan uÃ§uÅŸ bilgileri ve uÃ§uÅŸ kurallarÄ± hakkÄ±nda brifing verildi httpâ€¦
973249869103226885,GÃ¶zen Holding bÃ¼nyesinde bulunan IFTC gÃ¶revlileri tarafÄ±ndan uÃ§uÅŸ bilgileri ve uÃ§uÅŸ kurallarÄ± hakkÄ±nda brifing verildi https://t.co/7JBWShG4YT
967400725000093701,Ak Sigorta ve GÃ¶zen Holdingâ€™ten toplam 50 kiÅŸiyi pistimizde misafir ettik. #intercityakademi #gÃ¼venlisÃ¼rÃ¼ÅŸ #yolgÃ¼venliÄŸi https://t.co/7zYXEVorij
966708738714427393,BugÃ¼nkÃ¼ misafirimiz GÃ¶zen Holding Ã§alÄ±ÅŸanlarÄ±ydÄ±. #intercityakademi #gÃ¼venlisÃ¼rÃ¼ÅŸ #yolgÃ¼venliÄŸi https://t.co/eQaMHtX7t0
964510766442340353,"BugÃ¼n akademide GÃ¶zen Holding, Wilo ve Ä°ris firmalarÄ±yla beraberdik. Ã–ÄŸle yemeÄŸimiz de her zamanki gibi mÃ¼kemmeldi. #intercityakademi #yolgÃ¼venliÄŸi #gÃ¼venlisÃ¼rÃ¼ÅŸ https://t.co/Q8nD51XE3E"
951172702613762051,GÃ¶zen Holding UÃ§aklar Ä°Ã§in GÃ¼venlikÃ§i ArÄ±yor! https://t.co/HF0usqMlgy
951172531083468800,GÃ¶zen Holding UÃ§aklar Ä°Ã§in GÃ¼venlikÃ§i ArÄ±yor! https://t.co/c3EczB7ztX https://t.co/8a2lwc15Nx
946035160524513280,"Newyearparty (@ GÃ¶zen Holding in BakÄ±rkÃ¶y, Istanbul) https://t.co/pSYTpMnGML"
918102782309224453,PHP Developer - GÃ¶zen Holding [Ä°stanbul(Avr.) - 11.10.2017] https://t.co/DDFCdRfeDC
918099094693908480,.Net Developer - GÃ¶zen Holding [Ä°stanbul(Avr.) - 11.10.2017] https://t.co/hA9SZVgFJR
917404047660978176,Bordro ve Ã–zlÃ¼k Ä°ÅŸler Sorumlusu - GÃ¶zen Holding [Ä°stanbul(Avr.) - 09.10.2017] https://t.co/sqUlfwB1J2
913312864278106112,Tehir RÃ¼ÅŸtÃ¼ Akman BaÅŸsaÄŸlÄ±ÄŸÄ± Ä°lanÄ± - GÃ¶zen Holding https://t.co/iVgGzceUgp
901072798340329472,Santral OperatÃ¶rÃ¼ - GÃ¶zen Holding [Ä°stanbul(Avr.) - 25.08.2017] https://t.co/WIM3uNS3DF
893025912576462848,"Bazen hayat seÃ§im ÅŸansÄ± vermez... (@ GÃ¶zen Holding in BakÄ±rkÃ¶y, Istanbul) https://t.co/ExHnMOF1lS"
889844190120738816,RT @slothaber: GÃ¶zen Holdingâ€™ten Ã–nemli Duyuru! https://t.co/9G7Ae1p5eZ https://t.co/PrhGDyyYgk
889841126785638400,GÃ¶zen Holdingâ€™ten Ã–nemli Duyuru! https://t.co/y8RNhs3gFH
889840945386180608,GÃ¶zen Holdingâ€™ten Ã–nemli Duyuru! https://t.co/9G7Ae1p5eZ https://t.co/PrhGDyyYgk
889836490943082496,"GÃ¶zen Holding taÅŸÄ±nÄ±yor - TÃ¼rk sivil havacÄ±lÄ±ÄŸÄ±nÄ±n kÃ¶klÃ¼ kuruluÅŸlarÄ±ndan olan GÃ¶zen Golding, kuruluÅŸundan bu ya... https://t.co/5iLdYA3TMV"
889826939724341248,GÃ¶zen Holding taÅŸÄ±nÄ±yor https://t.co/D1FuF9JGeM
889824905348468736,"GÃ¶zen Holding yeni yerinde
https://t.co/vRWgV559Ta https://t.co/tJLWbjDORg"
881845211634294784,BugÃ¼nkÃ¼ misafir firmamÄ±z GÃ¶zen Holding ile GÃ¼venli SÃ¼rÃ¼ÅŸ EÄŸitimindeydik. #intercityakademi #gÃ¼venlisÃ¼rÃ¼ÅŸ #yolgÃ¼venliÄŸi https://t.co/pNJQjTE8aU
863620652669870080,K9 EÄÄ°TÄ°M MERKEZi YÃ–NETÄ°CÄ°SÄ° - Gozen Security Services - TÃ¼rkiye: GÃ¶zen Holding iÅŸtiraklerinde gÃ¶rev yapmak Ã¼zere;â€¦ https://t.co/UIXxnEmaBZ
859746304494383104,I'm at GÃ¶zen Holding A.S. in Istanbul https://t.co/zQoIePZ0zn
856783959023374336,Otel Rezervasyon ve SatÄ±ÅŸ Personeli - GÃ¶zen Holding [Ä°stanbul(Avr.) - 25.04.2017] https://t.co/ev0xaERjrF
844431735974772736,Client Support Specialist/KullanÄ±cÄ± Destek UzmanÄ± - GÃ¶zen Holding [Ä°stanbul(Avr.) - 22.03.2017] https://t.co/7RNHVmBJJE
842710489289445376,Systems Support Specialist - GÃ¶zen Holding [Ä°stanbul(Avr.) - 17.03.2017] https://t.co/7RNHVmBJJE
833994831588425728,UÃ§ak Bileti SatÄ±ÅŸ Personeli - GÃ¶zen Holding [Ankara - 21.02.2017] https://t.co/7B700HfHsJ
819744796537339904,K9 EÄÄ°TÄ°M MERKEZi YÃ–NETÄ°CÄ°SÄ° - Gozen Security Services - TÃ¼rkiye: GÃ¶zen Holding iÅŸtiraklerinde gÃ¶rev yapmak Ã¼zere;â€¦ https://t.co/NrqxxwDVtX
806496053470068736,YÃ¶netici / YÃ¶netmen - GÃ¶zen Holding [Ä°stanbul(Avr.) - 07.12.2016] https://t.co/HShza06leF
786930466070880256,Senior Software Developer - GÃ¶zen Holding [Ä°stanbul(Avr.) - 14.10.2016] https://t.co/rwo9PAPiZ2
786925330825093120,PHP Developer - GÃ¶zen Holding [Ä°stanbul(Avr.) - 14.10.2016] https://t.co/tggFJ0nNG2
786925321824206848,Front-End Developer - GÃ¶zen Holding [Ä°stanbul(Avr.) - 14.10.2016] https://t.co/rYNq51cRvS
771612944761184256,"GÃ¶zen Holding #Ä°stanbulAirshow'da...
GÃ¶zen Holding @ Istanbul Airshow...
IAS2016 https://t.co/TJeTW5Ngvr"
753185607426400256,I'm at GÃ¶zen Holding A.S. in Istanbul https://t.co/QhYA6VWdyA
742676663234899969,I'm at GÃ¶zen Holding A.S. in Istanbul https://t.co/p9GzZ08112
724565949718757376,"GÃ¶zen Holding Eleman ArÄ±yor: HavacÄ±lÄ±k gÃ¼venliÄŸi sektÃ¶rÃ¼nde lider konumda olan GÃ¶zen Security Services, Ä°stanb... https://t.co/UZcLR08C1l"
676415777310973952,I'm at GÃ¶zen Holding A.S. in Istanbul https://t.co/9niL7bUs6q
657532260107857920,Ãœst DÃ¼zey YÃ¶netici AsistanÄ± - GÃ¶zen Holding [Ä°stanbul(Avr.) - 23.10.2015] https://t.co/69m1zcC6wA
652043843756535808,I'm at GÃ¶zen Holding A.S. in Istanbul https://t.co/gnOEpJY5tk
648424785488289792,MÃ¼ÅŸteri iliÅŸkileri Sorumlusu - GÃ¶zen Holding [Ä°stanbul(Avr.) - 28.09.2015] http://t.co/2uRpik4Z44
637236040709881857,Business Process Analyst - GÃ¶zen Holding [Ä°stanbul(Avr.) - 28.08.2015] http://t.co/VURulLKF03
618301411860869120,I'm at GÃ¶zen Holding A.S. in Istanbul https://t.co/BnfKiYtq1d
613243799251324928,Ãœst DÃ¼zey YÃ¶netici AsistanÄ± - GÃ¶zen Holding [Ä°stanbul(Avr.) - 23.06.2015] http://t.co/69m1zcC6wA
606904132813901824,#egs #business #park #gÃ¶zen #holding :)) @ GÃ¶zen Holding https://t.co/pHzuP1vIZ8
606726506199584768,"GÃ¶zen Holding @kucukenes Bilal GÃ¶khan (@ EGS Business Park in Ä°stanbul, TÃ¼rkiye) https://t.co/WOuSiFMmr8"
606451910053396480,Ãœst DÃ¼zey YÃ¶netici AsistanÄ± - GÃ¶zen Holding [Ä°stanbul(Avr.) - 04.06.2015] http://t.co/69m1zcC6wA
606068732146941952,Ä°ÅŸ ilanÄ±: Front End YazÄ±lÄ±m UzmanÄ± - GÃ¶zen Holding [Ä°stanbul(Avr.) - 03.06.2015] // â€¢  Ãœniversitelerin Ã¶n lisans... http://t.co/WbLTEQJiTi
606066683543994368,Ä°ÅŸ ilanÄ±: Front End YazÄ±lÄ±m UzmanÄ± - GÃ¶zen Holding [Ä°stanbul(Avr.) - 03.06.2015] // â€¢  Ãœniversitelerin Ã¶n lisans... http://t.co/fyocvxQWrC
598015626175750144,GÃ¶zen Holding'den vefa Ã¶rneÄŸi..  http://t.co/KlDpLMRbWw http://t.co/d091T0TgP7
593431131070005249,Ä°stanbul Ãœniversitesi â€œKariyer Åenlikleriâ€™15â€ etkinliÄŸine â€œGÃ¶zen Holdingâ€ olarak davetliyd...http://t.co/6RPYYLXJuK http://t.co/7te5tEUt7e
592964391894679552,I'm at GÃ¶zen Holding A.S. in Istanbul https://t.co/PytKpZRfcT
590076692674256897,YÃ¶netici AsistanÄ± - GÃ¶zen Holding [Ä°stanbul(Avr.) - 20.04.2015] http://t.co/IUty5ahSFo
588339160500568064,I'm at GÃ¶zen Holding A.S. in Istanbul https://t.co/n5eQckIYzI
582436144132067328,Ä°ÅŸ ilanÄ±: Front End YazÄ±lÄ±m UzmanÄ± - GÃ¶zen Holding [Ä°stanbul(Avr.) - 30.03.2015] // â€¢  Ãœniversitelerin Ã¶n lisans... http://t.co/glkysARfh2
582435576370073600,Ä°ÅŸ ilanÄ±: Front End YazÄ±lÄ±m UzmanÄ± - GÃ¶zen Holding [Ä°stanbul(Avr.) - 30.03.2015] // â€¢  Ãœniversitelerin Ã¶n lisans... http://t.co/jplfS2DLCd
573417503524839425,I'm at GÃ¶zen Holding A.S. in Istanbul https://t.co/kCrvTaJdwp
563155888840929280,Ä°ÅŸ ilanÄ±: Front End YazÄ±lÄ±m UzmanÄ± - GÃ¶zen Holding [Ä°stanbul(Avr.) - 04.02.2015] // â€¢  Ãœniversitelerin Ã¶n lisans... http://t.co/SNXscmbeN5
559982826083606528,Ä°ÅŸ ilanÄ±: Front End YazÄ±lÄ±m UzmanÄ± - GÃ¶zen Holding [Ä°stanbul(Avr.) - 27.01.2015] // â€¢  Ãœniversitelerin Ã¶n lisans... http://t.co/2cYg0fFrXS
559981233246310400,Ä°ÅŸ ilanÄ±: Front End YazÄ±lÄ±m UzmanÄ± - GÃ¶zen Holding [Ä°stanbul(Avr.) - 27.01.2015] // â€¢  Ãœniversitelerin Ã¶n lisans... http://t.co/DfebqkczDr
559979454039347200,Front End YazÄ±lÄ±m UzmanÄ± - GÃ¶zen Holding [Ä°stanbul(Avr.) - 27.01.2015] http://t.co/7mDEF96t94
546995086178131968,Freebird 9. uÃ§aÄŸÄ±nÄ± alÄ±yor: GÃ¶zen Holdingâ€™in havayolu kanadÄ± olan Antalya merkezli Freebird Hava... http://t.co/hbwpYrXxU9 #enhizlihaber
544251537133146113,GÃ¶zen Holding bÃ¼nyesinde istihdam edeceÄŸi Ã¶zel gÃ¼venlik elemanÄ± aradÄ±ÄŸÄ±nÄ± yayÄ±nlamÄ±ÅŸ olduÄŸu ilan ile kamuoyuna... http://t.co/fqQtFSg77n
542319627859402752,I'm at GÃ¶zen Holding Santiye https://t.co/KihSVqAmrs
537546395767832578,I'm at GÃ¶zen Holding A.S. in Istanbul https://t.co/hEzlg0tSky
537175840061415424,Front End YazÄ±lÄ±m UzmanÄ± - GÃ¶zen Holding [Ä°stanbul(Avr.) - 25.11.2014] http://t.co/7mDEF96t94
537172094015275008,Delphi YazÄ±lÄ±m UzmanÄ± - GÃ¶zen Holding [Ä°stanbul(Avr.) - 25.11.2014] http://t.co/7OPQ0KofHQ
530635741890895872,Ä°stanbul KÃ¼ltÃ¼r Ãœniversitesi â€œKariyer Zirvesiâ€™14â€ etkinliÄŸine â€œGÃ¶zen Holdingâ€ adÄ±na konuÅŸm...http://t.co/8puLy5zRry http://t.co/xVlMomshLh
529237485826899968,KÄ±demli Ä°ÅŸ Analisti - GÃ¶zen Holding [Ä°stanbul(Avr.) - 03.11.2014] http://t.co/8PnDe3QNGo
524124229051359232,Ä°ÅŸe kabul edilmenin 10 altÄ±n anahtarÄ±nÄ± GÃ¶zen Holding sayesinde Ã¶ÄŸreniyoruz. #kariyerzirvesi14 http://t.co/1BakbgBIPY
524120908336996352,GeleceÄŸinizi GÃ¶zen Holding ile ÅŸekillendirin! #kariyerzirvesi14 http://t.co/JefJgoXUTJ
524118291611389952,#kariyerzirvesi14 ÅŸimdi de GÃ¶zen Holding'i aÄŸÄ±rlÄ±yor. http://t.co/uxCWEcNZHR
522372736837234688,GÃ¶zen Holding'in acÄ± kaybÄ±.. - http://t.co/evneBOxnf5
522084453565603840,"RT @iku_kariyer: http://t.co/keHwKaO57C
GÃ¶zen Holding
British House Dil OkullarÄ± nÄ±n katÄ±lÄ±mlarÄ±yla gerÃ§ekleÅŸecek olan Kariyer Zirvesi 2014â€¦"
522081259330482177,"http://t.co/keHwKaO57C
GÃ¶zen Holding
British House Dil OkullarÄ± nÄ±n katÄ±lÄ±mlarÄ±yla gerÃ§ekleÅŸecek olan Kariyer Zirvesi 2014 e"
520586338051960832,Proje YÃ¶neticisi - GÃ¶zen Holding [Ä°stanbul(Avr.) - 10.10.2014] http://t.co/xGvQWEyyXE
478416618415222784,I'm at GÃ¶zen Holding A.S. (Istanbul) https://t.co/3GEFbvi1ax
453556401248673792,I'm at GÃ¶zen Holding A.S. (Istanbul) http://t.co/SiLcX6G7AA
445988337799921664,I'm at GÃ¶zen Holding A.S. (Istanbul) http://t.co/UYaGX4hdyG
412935826629095424,Ä°ÅŸ Analisti - GÃ¶zen Holding [Ä°stanbul(Avr.) - 17.12.2013] http://t.co/T5uil2r3Ag
395555232387964928,I'm at GÃ¶zen Holding Santiye http://t.co/TPZOAIc2Dd
378494519127584768,Bir GÃ¶zen Holding kuruluÅŸu ve GÃ¶zen GÃ¼venlik iÅŸtiraki olan kardeÅŸ firmamÄ±z â€œFLYDOGâ€ TÃ¼rkiy...http://t.co/1fQ0MsNYu0 http://t.co/9Vtu1LYUeu
357053368235094016,I'm at GÃ¶zen Holding A.S. (Istanbul) http://t.co/AnwtpeVF5L
352020008622235649,I'm at GÃ¶zen Holding A.S. (Istanbul) http://t.co/L5V06Wt0rh
347738889559097344,I'm at GÃ¶zen Holding A.S. (Istanbul) http://t.co/jS519TOGPf
337890828083142657,I'm at GÃ¶zen Holding A.S. (Istanbul) http://t.co/E2hKtdzzXB
311944655669436416,YÄ±ldÄ±z Teknik Ãœniversitesi'nin en bÃ¼yÃ¼k Kariyer Organizasyonu Kariyer PanayÄ±rÄ± firmalarÄ± aÃ§Ä±klanÄ±yor: GÃ¶zen Holding http://t.co/aFF8vjF4ZI
281745147409080320,"RT @kokpitaero: GÃ¶zen Holdingâ€™in acÄ± gÃ¼nÃ¼...
http://t.co/oFppDiKD"
281737874255265792,"GÃ¶zen Holdingâ€™in acÄ± gÃ¼nÃ¼...
http://t.co/oFppDiKD"
263287756355141632,I'm at GÃ¶zen Holding A.S. (Istanbul) http://t.co/LQgM3NcT
253017070546063361,I'm at GÃ¶zen Holding A.S. (Istanbul) http://t.co/QlgaxkYz
253017070390878208,I just became the mayor of GÃ¶zen Holding A.S. on @foursquare! http://t.co/NNR26UsC
252652598761504768,I'm at GÃ¶zen Holding A.S. (Istanbul) http://t.co/mwVds841
247589409325735936,"HÃœRKUÅ DA SATIÅA Ã‡IKTI!: TÃ¼rk Sivil HavacÄ±lÄ±ÄŸÄ±nÄ± GeliÅŸtirme VakfÄ± Havak, GÃ¶zen Holding bÃ¼nyesindeki havacÄ±lÄ±k eÄŸ... http://t.co/LrwCysS2"
226645237441916928,GÃ¶zen Holdingâ€™in AcÄ± KaybÄ± http://t.co/K5mhBXCM
226629229813563393,GÃ–ZEN'Ä°N EN ZOR GÃœNÃœ...: GÃ¶zen Holding'in 63 yaÅŸÄ±ndaki abisi M.Erden BÃ¶ke hayata gÃ¶zlerini yumdu... http://t.co/1wGM01q6
209679036459384832,Ä°ÅTE O Ä°SÄ°MLER: GÃ¶zen Holdingâ€™te atama furyasÄ±... Kim hangi mevkiye getirildi? http://t.co/Twro3Rkk
184971488938565635,Ä°ÅŸ Ä°lanÄ±: GÃ¶zen Holding (Interwiever) http://t.co/ZyLzAqlq
135826014868742144,@ouzkrdgli BurasÄ± Ã§ok ozel bÄ±r kurs(MUÅ) oyle her yerde subelerÄ± yok tek merkezden egÄ±tÄ±m :) KolaymÄ± GÃ¶zen Holding. :P
112988571845132290,GÃ¶zen holding tÃ¼rkiyenin en iyi yurtiÃ§i seyahat uÃ§agÄ± ÅŸirketi orada stajerlik yapmam referansÄ±mÄ± Ã§k iyi etkilick bunu bilmek bni sevindiriyo
100929678189142017,Floryada gÃ¶zen holding okul bitincede orda kalÄ±cm :D adam ing Ã¶grn 3-4 milyr maaÅŸla iÅŸe bÅŸlarsn dedi :D
63527114292473856,"@OkanTansu Havayolu degil,securu :) gozen holding de profilerim bn,dokuman kntrolu ve yolcu profillendirmesi yapiyoruz :)"
1582404318614802432,GÃ¶zen holding Ã§ok iyi bir ÅŸirket harika bir ekibi var.
